chr	pos	snp	REF	ALT	F	r2	pv
1	108893	.	C	T	5.38451646703269	0.00697353857595895	0.0127444924684785
1	122872	.	T	G	3.00048794772157	0.00381049321094836	0.066801081282178
1	136048	.	C	T	0.165238359477065	0.000210661495434465	0.848324929314897
1	137825	rs147252685	G	A	0.212108303395209	0.000264674228779863	0.789996632572366
1	138156	.	G	T	0.270150353096293	0.00034207855213956	0.7236179726533
1	138593	.	G	T	1.15467899021321	0.00144617003821081	0.279298573657754
1	139233	.	C	A	2.49862843015291	0.00315595877205565	0.0963850709137716
1	157259	.	G	A	0.280431112030333	0.000350399392743452	0.71290692474083
1	158006	.	A	T	1.73508502387429	0.0021655713691884	0.172734957353673
1	162463	rs143399298	T	C	0.214127554675548	0.000269277010740122	0.788895250600622
1	231050	.	AGT	A	0.238855749286667	0.000310291182054371	0.760254401419948
1	231054	.	T	A	0.0836258165863392	0.000108621382666424	0.955535050613473
1	233473	rs115354837	C	G	0.284446132015038	0.000369722567844338	0.708269668953412
1	568161	.	C	T	0.842179432689166	0.00109111271071807	0.371698005733409
1	568308	.	G	A	2.74009547653842	0.00350515147194008	0.0808959071313249
1	568451	rs78032279	C	T	1.25125385150321	0.00160362136364124	0.256962133567006
1	568478	.	C	T	1.46596194331329	0.00188525672372725	0.214636462553419
1	568562	rs150822004	A	G	1.08570076387432	0.00141070662631627	0.296755148851491
1	568589	rs149999337	T	C	0.911914274601599	0.00118067316672025	0.347739797465365
1	568610	.	C	T	0.893903993078325	0.00115302910131096	0.353761770857349
1	568670	rs75654607	T	C	1.08869099747008	0.00139642064736489	0.295952551549999
1	568673	rs78918217	A	G	1.10721591527369	0.00142021334896076	0.291148934160852
1	600478	rs114979547	G	A	0.134499039241426	0.00017559689950833	0.887674528699188
1	662622	rs61769339	G	A	1.02417872254423	0.00127788703134219	0.31373628272425
1	663097	rs142727405	G	C	2.05869620240974	0.00258324049846439	0.134366044074818
1	676118	rs146067153	C	T	0.123392445907337	0.000153394488177095	0.904360251258183
1	693731	rs61769350	A	G	1.02175870290719	0.00126726934560332	0.314432980321751
1	693823	.	G	C	1.58419446599095	0.00199096410280565	0.194825360842026
1	705882	rs72631875	G	A	0.718254834542621	0.000895744252797993	0.420776254229472
1	706368	rs55727773	A	G	0.368639207512125	0.000466616723774557	0.629669144207114
1	706778	.	G	A	0.196564119380976	0.000253529081248653	0.806878081129256
1	729679	rs4951859	C	G	2.59346977914596	0.00321036707849149	0.0898408784330941
1	731718	rs142557973	T	C	1.03651070035401	0.00128711128557353	0.310252078268225
1	732032	.	A	C	1.22231801637114	0.00151755911416114	0.263354097642742
1	734349	rs141242758	T	C	1.24087661772243	0.00153861864609761	0.259176954809566
1	736289	rs79010578	T	A	0.771274672926504	0.000958066195638408	0.398710625572351
1	743021	rs3964475	T	C	1.19545471569617	0.00148981852016197	0.269540384889672
1	748878	rs143214544	G	T	0.507606000985141	0.000634865485095033	0.529421466294056
1	751343	.	T	A	1.07333970156317	0.00134164227669452	0.300162235621478
1	751756	rs143225517	T	C	0.886194006258486	0.00109931596053583	0.356624069521318
1	752566	rs3094315	G	A	1.42457335683704	0.0017659896138148	0.22198153461037
1	752721	rs3131972	A	G	1.98757961558819	0.00246220601437491	0.141705903996666
1	752894	rs3131971	T	C	0.835927507135305	0.00107168974134023	0.374478387309611
1	753474	rs2073814	C	G	1.97364430083564	0.00245408182018944	0.143257329567344
1	753541	rs2073813	G	A	1.38052214072576	0.00171147459624514	0.230265416905619
1	754182	rs3131969	A	G	1.18826502251223	0.0014734794383521	0.271227451410565
1	754192	rs3131968	A	G	1.18826502251223	0.0014734794383521	0.271227451410565
1	754334	rs3131967	T	C	1.2575134666521	0.00156114215702984	0.255490040813335
1	754503	rs3115859	G	A	1.98757961558819	0.00246220601437491	0.141705903996666
1	754964	rs3131966	C	T	1.98757961558819	0.00246220601437491	0.141705903996666
1	755775	rs3131965	A	G	1.12028780925051	0.00142565643149245	0.287862057477213
1	755890	rs3115858	A	T	0.695146360094791	0.00086577350914978	0.430982350339124
1	755940	rs3115857	C	T	1.07646929781938	0.00133697489323049	0.299294171030296
1	756285	.	ATCCACCCTGTCTACACTACCTGCTTGTCCAGCAGG	A	0.71911339509092	0.000892239128503381	0.420458849848529
1	756380	rs3131963	T	A	1.91564953405344	0.00244566852997963	0.149833977248453
1	756479	rs61768171	C	A	0.617602279696552	0.00076733846722827	0.467780702721462
1	756604	rs3131962	A	G	0.816235338385566	0.00101518138437896	0.381420235874392
1	757640	rs3115853	G	A	1.15189428365176	0.00142844330257775	0.279976798056757
1	757734	rs4951929	C	T	0.793148206296521	0.000986481899555871	0.390315297724122
1	757807	rs70949520	CCCTGGCCAGCAGATCCACCCTGTCTATACTACCTG	C	2.4018528380797	0.00303809636704664	0.103523355018458
1	757936	rs4951862	C	A	0.90605252060814	0.00112988816668207	0.349988499105868
1	758048	rs3131957	A	G	2.58185687401705	0.00319603787733229	0.0906240914609631
1	758144	rs3131956	A	G	0.802244194569042	0.000995280756969835	0.386793105445129
1	759293	rs60744420	T	A	0.512038472112741	0.00063547467690066	0.527065376856266
1	759837	rs114111569	T	A	0.731368911823664	0.000907431327196665	0.415243161117268
1	760912	rs1048488	C	T	1.3502850268519	0.00167405159203179	0.236179512865632
1	761147	rs3115850	T	C	1.3502850268519	0.00167405159203179	0.236179512865632
1	761957	rs59038458	A	AT	1.16599338690957	0.00146426965788589	0.276534654781881
1	762273	rs3115849	G	A	1.15326892813391	0.0014322232401741	0.2796266041007
1	762632	rs61768173	T	A	0.86061163285333	0.00110799521345405	0.365229951743622
1	764191	rs7515915	T	G	0.614382032463735	0.000762393032003935	0.469653998509821
1	766007	rs61768174	A	C	0.252076292360129	0.000314129171203464	0.742763314598065
1	766105	rs145276982	T	A	1.36709249487781	0.00176290710712245	0.232906478084545
1	768253	rs2977608	A	C	0.302426982188245	0.000376343553323453	0.690533625627616
1	768448	rs12562034	G	A	0.66222135218154	0.000822690664152172	0.446058640532267
1	769138	rs59306077	CAT	C	1.09020206061927	0.00135373923638653	0.295656425330612
1	769223	rs60320384	C	G	0.81026118671616	0.00100521678999626	0.383754416598612
1	771967	rs59066358	G	A	1.38890208340652	0.00172407299860373	0.228668005097968
1	772755	rs2905039	A	C	1.36262760446513	0.00169171928081124	0.233739015484955
1	774895	.	CTAGACACACACACCTGGACACACACACG	C	0.837134085005475	0.00108704864728611	0.374006144789037
1	775181	rs61768182	A	G	1.19443193310588	0.00149054713142445	0.269780146107733
1	775659	rs2905035	A	G	1.1091296305034	0.00137548468554443	0.290731624282922
1	776546	rs12124819	A	G	4.99581856015063	0.00616578793157186	0.0167382858612413
1	777122	rs2980319	A	T	1.16660403725952	0.00144665817265042	0.27639529366575
1	777232	rs112618790	C	T	1.36810011010279	0.00169610079360093	0.232695443845029
1	778745	rs1055606	A	G	2.06251251987869	0.00256475468854213	0.133676745648973
1	779322	rs4040617	A	G	1.22402706592572	0.00151977165898996	0.262953227652351
1	780785	rs2977612	T	A	1.62614203047712	0.00201536228877684	0.188304941798024
1	781845	rs61768199	A	G	0.561353772963219	0.000696635627064493	0.497947591063703
1	782981	rs6594026	C	T	1.73412241865358	0.00215145000047661	0.172771200846476
1	783318	rs6686696	A	G	1.17119570023065	0.00145234382461624	0.275289111335307
1	785050	rs2905062	G	A	1.61615973194924	0.00200301552650877	0.189822761154366
1	785989	rs2980300	T	C	1.61615973194924	0.00200301552650877	0.189822761154366
1	786247	rs59319764	G	A	0.75922961242557	0.000988653510767496	0.403364488345799
1	787151	rs2519065	G	A	2.2572601551588	0.00287464907940308	0.115198243029154
1	787399	rs2905055	G	T	1.10767584912249	0.00141641573176029	0.291088009069612
1	787606	rs3863622	G	T	1.26772801785975	0.00157576189058252	0.253288156684923
1	787685	rs2905054	G	T	0.638948001716051	0.000792852990991385	0.457356894723604
1	787844	rs2905053	C	T	1.45490204915977	0.00180565998820901	0.216490634991528
1	788713	rs2980306	T	C	1.52367333970846	0.00189350066775441	0.20461416414553
1	789513	.	GA	G	1.17068566373869	0.00145346255905211	0.275410257996106
1	790465	rs61768207	G	A	0.206198031706274	0.000256003146126774	0.796782627837345
1	790758	rs3039191	GTA	G	1.70475068090891	0.00211257993845811	0.176825684516418
1	791191	rs111818025	G	A	1.85511076788469	0.00230468600895173	0.157003150253817
1	791853	rs6684487	G	A	1.48118766882231	0.00184540607067785	0.211840123377251
1	795988	rs59380221	C	T	0.237799965092046	0.000305670962060268	0.759506017816973
1	796767	rs75932129	G	A	0.747982406397431	0.000943680864287307	0.408299319873904
1	797440	rs58013264	T	C	0.191789405861783	0.000238118524141904	0.814781310583386
1	798400	rs10900604	A	G	0.0925475469831185	0.000114917740445718	0.943525823285995
1	798959	rs11240777	G	A	0.105122338661727	0.000130530015182403	0.927937411989958
1	801467	rs61768212	G	C	0.197886104660447	0.000246012461904283	0.807238610560934
1	801943	rs7516866	C	T	0.254715564559633	0.000329820946022661	0.741066060703361
1	802496	rs10157494	C	T	0.183686772466119	0.000228604620371913	0.825031796555446
1	804759	rs7526310	C	T	0.0815051953878902	0.000101207669153928	0.956407945404495
1	808223	rs4951933	G	C	0.570347106820494	0.000725016792678427	0.492140642318963
1	808631	rs11240779	G	A	0.294637932193786	0.000365764614378142	0.698482469051698
1	808928	rs11240780	C	T	0.246933966492329	0.000306960094046625	0.749054771892227
1	810286	rs28410559	G	A	0.124451875750811	0.000154527714546106	0.90288077519613
1	810780	rs58686784	G	C	0.246916102463468	0.000306540747375758	0.748953053635017
1	812743	rs6605064	C	T	0.313856896148333	0.000389613797039773	0.67969921436504
1	813640	rs4246499	A	G	0.37267451380908	0.00046259463107408	0.62717951166675
1	821325	rs138860880	ACAGT	A	0.960500937509835	0.00119290901843745	0.332633157163673
1	821926	rs35660652	C	G	1.22904327404147	0.0015239683471695	0.261828384762016
1	824398	rs7538305	A	C	0.310306701397026	0.000385208377795167	0.683081177116336
1	825410	rs13303179	G	A	0.63756054497298	0.000791132698270398	0.457983816049782
1	828166	rs13303117	A	G	0.934006700799982	0.00117589688795097	0.340818248638793
1	830181	rs28444699	A	G	2.09895299764161	0.00259981568440584	0.130107094987785
1	831909	rs9697642	C	T	1.58122188445669	0.0019819767729155	0.195278951748934
1	832066	rs9697380	G	C	0.115941299490241	0.000145384932028904	0.913221919317455
1	832112	rs9697725	T	C	0.134142512323283	0.000168771378389768	0.889965997463127
1	832178	rs13302934	A	G	0.385173459177497	0.0004973518764286	0.618069379273098
1	832297	rs34017275	CTG	C	0.516959189427641	0.000645615957106966	0.524787673382786
1	832318	rs4500250	C	A	0.434944047890559	0.000539846969013565	0.578813357147098
1	832398	rs4553118	T	C	1.01687119840033	0.00126121511691645	0.315834247240263
1	832918	rs28765502	T	C	0.70815498514331	0.000878654459040733	0.4252362132006
1	832960	rs77120786	AT	A	0.33912308472538	0.000420965363206758	0.656161170710457
1	833172	rs113551494	T	TCGAA	0.75084001886559	0.000931567173231714	0.407124190665789
1	833223	rs13303211	C	T	1.07547599398048	0.00133380495498401	0.299572694354878
1	833302	rs28752186	C	T	1.0745300008964	0.0013326333005818	0.299825735923297
1	833641	rs28594623	T	C	1.26520436942842	0.00157066855307712	0.253837144577145
1	833659	rs28522102	T	A	1.27975050680984	0.00158674352521481	0.250700849821813
1	833663	rs28416910	A	G	1.27975050680984	0.00158674352521481	0.250700849821813
1	833824	rs28484835	T	C	1.07547599398048	0.00133380495498401	0.299572694354878
1	833927	rs28593608	T	C	1.3096050413438	0.00162369952013812	0.24442532866065
1	834198	rs28385272	T	C	1.45358175369678	0.00180188532707613	0.216721324322725
1	834832	rs4411087	G	C	1.09771464443936	0.00136134771698185	0.293691279795811
1	834928	rs4422949	A	G	1.40486206079462	0.00174159688937049	0.22564485288375
1	834999	rs28570054	G	A	1.40486206079462	0.00174159688937049	0.22564485288375
1	835499	rs4422948	A	G	0.590280095924364	0.00073250663111615	0.482250029753029
1	836529	rs28731045	C	G	1.66078486764749	0.00206073089616213	0.183140447141103
1	836896	rs28705752	T	C	0.619190528899172	0.000768355353262528	0.467157620837082
1	836924	rs72890788	G	A	1.71352575077709	0.00212343115065381	0.175608804066394
1	838329	.	G	GC	1.35082393688651	0.00169127991861267	0.236127359116312
1	838387	rs4970384	T	C	1.96130464893937	0.00243865815139494	0.144650445508019
1	838555	rs4970383	C	A	0.824969133287538	0.00102344488774784	0.378260411022208
1	838931	rs7523690	A	C	0.838105379769387	0.00103972455668896	0.373487386935687
1	839103	rs28562941	A	G	0.815476361876685	0.00101168022412814	0.381782676746151
1	839858	.	CGCCTCCTCCGAACGCGGCCGCCTCCTCCTCCGAACGTGGCCTCCTCCGAACGCGGCCGCCTCCTCCTCCGAACGCGGCCGCCTCCTCCTCCGAACGTG	C	1.39034377165189	0.00178785841535983	0.228329295405144
1	840327	rs28625089	G	A	1.27757784445739	0.00165262560073508	0.251112565279619
1	840753	rs4970382	T	C	0.155832327480081	0.000199488937574171	0.862052045914642
1	841085	rs1574243	C	G	0.303084506750991	0.000376718848732343	0.689643275299598
1	842013	rs7419119	T	G	1.60530696480216	0.00200955006502292	0.191608129501581
1	842057	rs6143082	A	AAACTCAGCTGCCTCTCCCCTTC	0.285778354447119	0.000357821112467666	0.707872218880219
1	842362	rs28540380	C	T	0.474081346177499	0.00058911482734358	0.551568468696478
1	843405	rs11516185	A	G	0.0893314018741664	0.000110924646294971	0.947392876366477
1	845274	rs112856858	G	T	0.427556701378493	0.000531996584835711	0.584006884745105
1	845283	rs7366404	G	T	0.0800972187070412	9.96998610139571e-05	0.95791175856494
1	845635	rs117086422	C	T	0.571005856457966	0.000735999961099765	0.491996346943369
1	845938	rs57760052	G	A	0.412422122834247	0.000513151645048477	0.595530472985077
1	846078	rs28612348	C	T	1.82031318799661	0.002266704108799	0.161450646557562
1	846338	rs4970334	A	G	0.0956901030674668	0.000118819437247746	0.939727265096618
1	846398	rs58781670	G	A	0.452183008860603	0.000561921297404955	0.566450409697577
1	846489	rs4970333	T	C	0.0956901030674668	0.000118819437247746	0.939727265096618
1	846600	rs35331099	CT	C	0.0460923584411945	5.72369110827819e-05	0.98871162168734
1	846808	rs4475691	C	T	1.34303711655345	0.001665080788678	0.237621727209368
1	846864	rs950122	G	C	1.98481240396755	0.00245878644501469	0.142008184507032
1	847228	rs3905286	C	T	1.30547260085609	0.0016185842646461	0.245281055656836
1	847491	rs28407778	G	A	1.18823257576813	0.00147343926292343	0.271235899097138
1	848090	rs4246505	G	A	1.25223197432728	0.001558195308959	0.256652719927246
1	848445	rs4626817	G	A	1.62624400224783	0.00201548841257968	0.188304760204602
1	848456	rs11507767	A	G	1.62624400224783	0.00201548841257968	0.188304760204602
1	848654	rs5772026	TG	T	1.37587914931119	0.00170572837435945	0.231169007064325
1	848738	rs3829741	C	T	0.854556352218812	0.00106011139553377	0.367573002599426
1	849863	rs61620633	G	GACTGCCCAGCTC	0.299482010358993	0.000373142889860848	0.693290454271654
1	849998	rs13303222	A	G	0.0690688584433202	8.57663889781743e-05	0.969601052369818
1	850062	rs28723578	A	T	1.1543534513177	0.00143148849981609	0.279373868261466
1	850123	rs28622257	C	T	1.28187753469658	0.00159328162786507	0.250253891651064
1	850218	rs6664536	T	A	0.139787344891792	0.000173769079888828	0.882621167001463
1	850371	rs6679046	G	T	0.86908756202601	0.00107811847869943	0.362491749799822
1	850780	rs6657440	C	T	0.959133872612738	0.00119123907656624	0.333018136344472
1	851190	rs28609852	G	A	0.979361830684269	0.00121631712767147	0.326856354949817
1	851204	rs28552953	G	C	0.928878849686517	0.00115514134262988	0.342602564208089
1	851499	rs4970465	A	G	0.0441906700284627	5.4940810664787e-05	0.989892345237352
1	852037	rs4970463	G	A	0.149574546168992	0.000185715888502976	0.869489152625308
1	852063	rs28436996	G	A	0.148979953087299	0.000184977762080861	0.87027502065855
1	852133	rs7518702	C	T	0.0326929118488731	4.05983233797273e-05	0.995658336778729
1	852664	rs28605311	C	T	1.1457835129479	0.00142630867019334	0.281481860199387
1	852758	rs4970462	G	C	1.5955224184715	0.00198255001037451	0.193055772195285
1	852875	rs13303369	C	T	0.653363902475967	0.000810726760537813	0.450358683290072
1	852964	rs4970461	T	G	0.0271523212082891	3.37182052883626e-05	0.997507226814829
1	853239	rs4970380	A	G	1.49729704729819	0.00185597483704124	0.209068794875045
1	853954	rs1806509	C	A	0.592578531839531	0.00073623069119123	0.480932962966294
1	854250	rs7537756	A	G	1.09937754929521	0.00136340717796524	0.293258862529833
1	854777	rs13303019	A	G	1.60937836838589	0.0019994726095139	0.190885439693476
1	854978	rs13303057	A	C	0.763037473390261	0.000947942949664787	0.402163874864695
1	855075	rs6673914	C	G	1.34263023987884	0.00166457718899474	0.237703744381695
1	856099	rs28534711	T	G	1.22937235355479	0.00152625041552485	0.261771874625931
1	856108	rs28742275	A	G	1.11539945632985	0.00138495075868358	0.289122248885179
1	856329	rs7414599	C	G	0.0392528522792905	4.88036877136134e-05	0.992700502753846
1	856436	rs34105146	TG	T	2.18909132795868	0.00271116011189909	0.121486889074258
1	856476	rs4040605	A	G	1.27244293175892	0.00158113993492468	0.252257383452748
1	858040	rs4970460	C	A	2.2106252492611	0.00274098408871213	0.11951202855446
1	858051	rs4970459	C	T	1.7873538565396	0.00221732974856391	0.165630074874059
1	858691	rs34628185	TG	T	0.388754432477498	0.000482544718377627	0.614007213012416
1	858801	rs7418179	A	G	0.418228747072429	0.000519110938778781	0.591109268830847
1	859404	rs71509444	C	G	1.9568592246394	0.00243623040463079	0.145237250974914
1	859685	rs111572704	G	A	1.15410281457173	0.00147314568170141	0.279421406212483
1	859690	rs71509445	C	G	2.46917889126346	0.00308037754766977	0.0986549788394484
1	859701	rs71509446	C	G	2.45941746490416	0.00306386016854644	0.0993933486625574
1	860416	rs61464428	G	A	0.255182296148537	0.000318420128986249	0.739806578481855
1	860461	rs57465118	G	A	1.62325413227024	0.00201943627056314	0.188753287030373
1	860521	rs57924093	C	A	1.6078204822309	0.00200044660932397	0.191130044421711
1	860688	rs60837925	G	A	0.277174120791896	0.000344934190249204	0.716092215287701
1	860778	rs61338526	A	G	2.51418831029867	0.00311629151148895	0.095328725473529
1	860788	.	TTGG	T	2.51418831029867	0.00311629151148895	0.095328725473529
1	860792	.	CGCCTGCG	C	2.51418831029867	0.00311629151148895	0.095328725473529
1	861008	rs28521172	G	C	2.52614704264302	0.00312729159846124	0.0944505968453879
1	861630	rs2879816	G	A	0.286326346520664	0.00035545025453137	0.706796304030453
1	861808	rs13302982	A	G	2.58110827198095	0.00319511416070477	0.0907211491478089
1	862124	rs13303101	A	G	2.58110827198095	0.00319511416070477	0.0907211491478089
1	862383	rs6680268	C	T	2.58110827198095	0.00319511416070477	0.0907211491478089
1	862389	rs6693546	A	G	1.67269517561692	0.00208252887846641	0.181332047406438
1	862866	rs3892970	C	T	0.330615763070446	0.000410409267669164	0.663860770579851
1	863124	rs4040604	G	T	2.58110827198095	0.00319511416070477	0.0907211491478089
1	863508	rs7410984	G	T	0.679404957704775	0.000844133792516504	0.438127536366702
1	863511	rs28626846	T	C	0.105187650337539	0.000130763596233914	0.927888902853661
1	863556	rs7410998	G	A	0.230977594637308	0.00028744798947941	0.768255370727595
1	863632	rs28403979	C	T	0.146261772962144	0.000182771802656564	0.874217703646071
1	863641	rs28569249	G	A	0.371009717608546	0.000463491234228581	0.628894082643436
1	863644	rs28739566	T	C	0.157572103488848	0.000198707830818022	0.859271587896336
1	864002	rs1806501	G	C	1.10720276811722	0.00137309837759768	0.291223707433587
1	864938	rs78370858	G	A	0.104914352483973	0.000130444864333486	0.928263488677842
1	865219	rs75551395	G	A	1.17221277049883	0.0014572548327173	0.275026790103727
1	866511	rs60722469	C	CCCCT	0.12342925529139	0.000155759201711183	0.904268259737219
1	866893	rs2880024	T	C	0.711221158489919	0.000882455499533006	0.423878955911795
1	866938	rs74047407	G	A	0.375992101296275	0.000466710771925879	0.624363019394773
1	867635	rs76964081	C	T	1.40720307606681	0.00174900124997331	0.22515602666639
1	868418	rs28546443	C	T	1.5426418982667	0.00191682183741565	0.201489619046096
1	868981	rs13303037	C	T	1.41168332185914	0.00175003833350942	0.224372689280314
1	869303	rs113171913	C	T	2.35953174484404	0.00296914448572046	0.10683126091768
1	870645	rs28576697	T	C	0.777295377953917	0.000968048459314607	0.396390966530485
1	872352	rs1806780	G	C	0.610993603791716	0.000760069544133304	0.471580925352569
1	873394	rs1110051	A	G	3.42390363116747	0.00424963827419045	0.0494692836200905
1	873558	rs1110052	G	T	0.0813707413078349	0.000101175214763861	0.95653035052755
1	875159	rs141837153	AGCCAGTGGACGCCGACCT	A	0.402344286110475	0.000500017396898871	0.603620294379122
1	875770	rs4970379	A	G	0.0505033222783507	6.29515507598551e-05	0.985706610437543
1	877147	rs114982608	G	A	0.312493176550181	0.000399275266284451	0.68085319255449
1	880639	rs113796517	TC	T	0.157967204056795	0.000196390465997969	0.858556559948066
1	881627	rs2272757	G	A	0.292869739107525	0.000363570372254855	0.700290393357142
1	882033	rs2272756	G	A	0.162929145028631	0.000202801234457447	0.85144610473222
1	884551	rs70949530	GAGAA	G	0.158068639324217	0.000197756108601871	0.858035333946535
1	886049	rs146799731	ACAG	A	0.584390964202068	0.000725203835680147	0.485421381624091
1	886788	rs10465242	G	A	0.114840285851199	0.000142595030580946	0.915427276435053
1	890104	rs28631199	G	A	0.143870297424579	0.000179306027930622	0.877000811802833
1	891059	rs13303065	C	T	0.156720182936568	0.000194830068320814	0.859965934034796
1	891945	rs13303106	A	G	0.123271888744828	0.000153455945719744	0.904369409650403
1	893719	rs4970445	G	A	0.56140926441065	0.000696704443462848	0.498064621374583
1	894573	rs13303010	G	A	0.542568351027063	0.000673338787411039	0.508874503757746
1	896271	rs112905931	C	T	1.13541010311065	0.0014408011038124	0.284062357301929
1	900505	rs28705211	G	C	0.503962704939984	0.000627815992149876	0.532145429377228
1	900717	rs59448239	CTTAT	C	0.725950625531573	0.000900714761560223	0.417528810104694
1	900730	rs3935066	G	A	0.55345179631114	0.000686836081790663	0.502606961030655
1	901046	rs151265614	ACC	A	0.171784131792035	0.000214092864171516	0.840023173817842
1	901559	rs13303160	G	A	0.210231828152181	0.00026133154042471	0.791769592709001
1	901806	rs2879815	G	C	0.185871827477485	0.000231905331264876	0.822018281880877
1	902764	rs80125161	C	G	0.0470375334747844	5.96216183419191e-05	0.988064052515571
1	902997	rs7524174	G	A	0.0813402863018015	0.000101002916858187	0.956561064445482
1	903104	rs6696281	C	T	0.252962199669432	0.000315233165825228	0.741690650494123
1	903245	rs28690976	A	G	0.263441014524814	0.000327049331428274	0.730792258795147
1	903321	rs6669800	G	A	0.208648517500539	0.000259044733425351	0.793859066879326
1	903426	rs6696609	C	T	1.776829654978	0.00220962460212903	0.16704959027566
1	905043	.	CAT	C	0.287220991341329	0.000356560484765863	0.705953008364721
1	905130	rs34160727	ATG	A	0.124491604017105	0.000154776584494729	0.902711757965606
1	905160	rs7555426	C	T	0.296384133231065	0.000371131971150226	0.696331092930189
1	905165	rs7522959	A	G	0.245758126402304	0.000305103585625772	0.750269731092814
1	907170	rs137960056	AG	A	0.441113097210079	0.000549573766674859	0.574397514721347
1	908823	rs28687780	G	A	0.337734421148316	0.000420241062735069	0.657507507276405
1	909073	rs3892467	C	T	0.54652390314784	0.000679089805096412	0.506554538759308
1	909238	rs3829740	G	C	2.00431794926981	0.0024889374643841	0.139876417498693
1	909309	rs3829738	T	C	0.339263279544169	0.000421662891939124	0.656002447786291
1	909419	rs28548431	C	T	0.34836399720882	0.000435105691749974	0.647592735733333
1	910394	rs28477686	C	T	0.209124630349004	0.000260324142802563	0.793841083111333
1	910473	rs28561399	G	A	0.135863992847563	0.00016931044455513	0.887144950503899
1	910935	rs2340592	G	A	0.567992188467761	0.00070574228520876	0.494409246424491
1	911595	rs7417106	A	G	0.0279957379023757	3.47655377357989e-05	0.997266378122652
1	911916	rs74045046	C	T	0.308882008222286	0.000384955224558522	0.68483210302466
1	913889	rs2340596	G	A	0.0463556701851694	5.75638694439901e-05	0.988546584141933
1	914333	rs13302979	C	G	0.072328407677954	9.01526541388115e-05	0.966521940737454
1	914852	rs13303368	G	C	0.0442144171668997	5.51161633417065e-05	0.989868488097393
1	914940	rs13303033	T	C	0.117392874735481	0.000145936486330224	0.912135401415203
1	916549	rs6660139	A	G	0.692652424686537	0.000860567806725109	0.432079684362348
1	916590	rs28566954	G	A	0.342149846808194	0.000424720990752609	0.653509738444699
1	916662	rs56028034	A	C	0.17770496636608	0.000220635677135377	0.832726093378652
1	916834	rs6694632	G	A	0.164035816259016	0.000203667738317842	0.85046948898608
1	917315	rs7547878	G	A	0.0775073737645147	9.64925794102056e-05	0.96073825764235
1	917492	rs28434575	C	T	0.116426916337153	0.000144917165970666	0.913235728116037
1	917640	rs41285816	G	A	0.467848987250006	0.000582913292836744	0.555790944601325
1	918238	rs28552711	C	G	0.388468948538726	0.000482731566237011	0.614525875444292
1	918270	rs6659460	C	T	0.100598323912389	0.000125079020136853	0.933588868843381
1	918384	rs13303118	G	T	0.0900648421466583	0.000112263258884516	0.946297930409527
1	918573	rs2341354	A	G	0.255207086884705	0.000316830550496895	0.739889495394249
1	918617	rs4970418	G	A	0.11074383019583	0.00013767441738198	0.920718029320315
1	919127	rs28469033	T	C	0.652889164166222	0.000810138159362637	0.450585170326253
1	919419	rs6605059	T	C	0.676223463888599	0.000841108568333513	0.439559652000844
1	919501	rs4970414	G	T	0.171200606260719	0.000213083654464145	0.840849565277537
1	919855	rs116781904	G	A	1.26783125226285	0.00158306198497978	0.25324283755376
1	920503	rs28896913	G	A	1.39963909357225	0.00173513326850065	0.226628619530806
1	920640	rs28869591	C	T	1.46613856321584	0.0018174226343058	0.214481914845355
1	920977	rs55692389	T	C	1.04548002151731	0.00129830253620589	0.307736112935535
1	921716	rs13303278	C	A	0.337458724007736	0.000418900200751848	0.657581432370445
1	922009	rs6693747	G	A	0.841551476162708	0.00104399519462433	0.372237183361746
1	922483	rs114583033	T	C	1.23295274032342	0.00155379710911658	0.260978198774283
1	924111	rs28447224	T	A	0.182177811686024	0.000226187833120036	0.826885229917734
1	924448	rs148375199	GTTGA	G	0.276557505843028	0.000344194603952888	0.716775217748991
1	924528	rs34712273	C	A	0.254263611414532	0.000316014094304945	0.740757308877393
1	926968	rs140144962	C	T	1.17630042360156	0.00146041126072821	0.274069396787863
1	927741	rs6665587	G	A	1.10449607802857	0.00136974627872067	0.291929435625889
1	928347	.	GGGAGGGTCCATGTGTCCGTCATCTGA	G	0.301750134389886	0.000385977365860974	0.693075981307808
1	929565	rs144071868	G	T	1.09040103573497	0.00135228991691638	0.295611368775761
1	930329	rs3128108	C	T	0.421381829912552	0.000523022535951817	0.588750456639882
1	930377	rs3128109	C	T	0.421495036195821	0.000523162974881598	0.58867806463953
1	930533	rs3128110	C	G	0.309138182055475	0.000383758359371745	0.684173458683677
1	930567	rs3121574	A	G	0.361986155479181	0.000449333321586681	0.636136895087944
1	930751	rs3128111	C	G	0.0927450737616459	0.000115162984254292	0.943269613195073
1	930923	rs2710882	A	G	0.599933655438573	0.000744477259700468	0.477145811837595
1	931166	rs2710880	A	G	0.490857733189474	0.000611395744808813	0.54096505621199
1	931362	rs2799060	G	A	0.109214814823368	0.000135610937353922	0.922698324281012
1	931500	rs74718486	C	T	1.36030115681881	0.00168644837986146	0.234197532091059
1	931548	rs2799062	G	T	0.962600387961325	0.00119711807759406	0.331970870432466
1	931634	rs58305877	A	AGGGAGGGCAG	0.472678461914921	0.000605813104050851	0.551093851701774
1	932457	rs1891910	G	A	0.681563924280537	0.000845689126424359	0.43716295694224
1	933790	rs9442392	G	A	0.250250939046616	0.000311055807587298	0.745176871286605
1	934121	rs2488989	G	A	0.99772536172386	0.00124533462136521	0.321424073907515
1	934130	rs9697384	G	C	1.21547032854142	0.00154341551681471	0.264894201932036
1	935222	rs2298214	C	A	0.256980445058679	0.000321727341177256	0.737620659255373
1	935459	rs3128113	A	G	1.53531118949414	0.00192171019424031	0.202773143677209
1	935492	rs3121571	G	T	1.32985647131719	0.00164876657244129	0.240278274739504
1	935671	rs116904365	C	G	1.08781727565912	0.00135244013300331	0.296306208702414
1	935715	rs3128114	C	T	0.671480925350338	0.000837258109151865	0.441817338554324
1	936111	rs1936360	C	T	0.344442499279255	0.000429229370933508	0.651407016049027
1	936194	rs3121570	A	G	1.21073568074048	0.00150500985229045	0.265999414671177
1	936210	rs3121569	C	A	0.507987391063103	0.000631168201534729	0.529736608869917
1	936713	rs61766282	G	T	0.120771273245904	0.000151290860518422	0.9075002510391
1	937250	rs28615823	C	G	1.52072142529598	0.00188495571348006	0.205095953310276
1	937575	.	T	TA	1.32881203751382	0.00164965680400565	0.240488378453879
1	938125	rs2710868	G	A	0.379550287628877	0.000472279835755546	0.621370561824745
1	939491	.	TG	T	0.350870762259107	0.000437726805873895	0.645464900017375
1	940005	rs2799056	A	G	0.114766001809102	0.000142682253237902	0.915552078654829
1	940096	rs4503294	C	T	0.218871158295228	0.000272072145816927	0.781335173941246
1	940809	rs113249556	C	CA	0.106869447377248	0.000132865300282131	0.925635394729552
1	941284	rs3128116	C	T	0.110426888719815	0.000137624771469611	0.921203937530836
1	941334	rs57683598	G	A	0.108207082411794	0.000134994382227778	0.923976141576645
1	941539	rs9778087	C	T	0.134339081723576	0.000167006377719156	0.889672596909451
1	943687	rs2465140	G	C	0.0842121927524412	0.000104568684356109	0.953328593430028
1	943968	rs13303313	C	T	0.175946085686606	0.000218720397898554	0.835315343866386
1	944564	rs3128117	T	C	0.100424173588358	0.000124697049733567	0.933850128227282
1	949608	rs1921	G	A	0.0696116728225489	8.65486361028905e-05	0.969018239713298
1	950113	rs70949541	GAAGT	G	0.148382866070918	0.000184236538595792	0.871055598242938
1	950243	rs1891906	A	C	0.129071916494014	0.000160263343196347	0.896729927758052
1	950677	rs9331223	T	C	0.0981217391600394	0.000121838457669934	0.936701469750786
1	951564	rs2465141	A	G	0.119817717125437	0.000149140671010646	0.908865824373344
1	952003	rs3128118	G	A	0.0458807489148771	5.6974152028579e-05	0.988846304993022
1	952428	rs9442611	G	A	0.435081982722818	0.000542021498631808	0.578581555634785
1	953678	rs142441326	T	C	0.304608109822144	0.000378136942160996	0.688571777103198
1	953952	rs9442612	G	A	0.361021991237352	0.000449252614926699	0.636691051287282
1	954032	rs139007766	C	G	0.0927609997170557	0.000115779610079312	0.943197419257822
1	954134	rs3109210	G	A	0.0911472917786292	0.00011346357148819	0.945229779650214
1	954777	rs61766299	C	A	0.371108345703469	0.000461750075317904	0.628184941321746
1	954859	.	TG	T	0.267784221787803	0.000343131143198891	0.725895900328715
1	955016	rs34927559	A	G	0.284851862143318	0.000359130087964232	0.708510117062141
1	955597	rs115173026	G	T	0.192986359816368	0.000245110241841792	0.814011450768865
1	956061	.	A	AG	0.0665426754523873	8.41997272991452e-05	0.971813391423294
1	956077	rs116130865	C	T	0.0432430905207848	5.46489900330619e-05	0.990420223103179
1	956852	rs9777931	C	T	0.149987911570841	0.00018646184203091	0.868849418602203
1	957120	rs3121553	G	C	0.111480768331774	0.000138584872182144	0.919592770110835
1	957898	rs2799064	G	T	0.257206595097119	0.000320499447595394	0.737706430534168
1	958248	rs2001744	A	G	0.275162185330675	0.000342024618382802	0.718351949084095
1	958731	rs2341363	A	G	0.0705553106066751	8.77335374111069e-05	0.968292249756524
1	958905	rs2710890	A	G	0.0813705466038712	0.000101040488271037	0.956567146082668
1	958953	rs2710889	A	G	0.174726557811915	0.000216938535624949	0.836579550665623
1	959155	rs3845291	G	A	0.688424795354468	0.000854194858619523	0.434022722236289
1	959169	rs3845292	G	C	0.165823724779829	0.000206131976500979	0.847981723179129
1	959231	rs4039721	G	A	0.663599065495543	0.000824395076291887	0.445397263546471
1	959842	rs2710888	C	T	0.151258231911349	0.000188026680124173	0.867323048413692
1	960409	rs4970392	G	C	0.284011020138998	0.000352576985104718	0.709070663488316
1	960941	rs3121554	G	C	0.0952835536486094	0.000119476817030758	0.940132772344038
1	961350	rs3121555	C	T	0.110362880140487	0.000137889155919874	0.921167665495616
1	961464	rs3128125	G	T	0.156270030904684	0.000194694443779994	0.861152067121965
1	962210	rs3128126	A	G	0.161151392417188	0.000200325064009532	0.854074392764801
1	962606	rs4970393	G	A	0.187295390416491	0.00023282133945334	0.820344192765723
1	962720	rs28670633	C	T	0.199199703140049	0.00024758052528702	0.805705170016034
1	962891	rs4970394	C	T	0.303073084653611	0.000376705219761695	0.690010551901482
1	963013	rs9442389	C	T	0.310182819097288	0.000385565477569822	0.683061560029471
1	963864	.	GCCCACACCCACGCCACCCTTTCCGAAGGAACCGAGCCCCAGCCCCTCATGGGCCAAGGGCA	G	0.0339348139052591	4.27615716371112e-05	0.995300485006179
1	967658	rs4970349	C	T	0.320212673190864	0.000397988197429325	0.673835866093003
1	968226	rs3121560	C	A	0.176983181716739	0.000220027028178461	0.833587974021515
1	969659	rs2710884	G	A	0.34461830198522	0.00042831433180677	0.651187984946201
1	970215	rs9442364	G	C	0.203912007320422	0.000253165674591798	0.799578735245211
1	972180	rs4970350	G	A	0.210353780592338	0.000261161325886581	0.791703816027262
1	974894	rs3121578	C	T	0.302013976931476	0.000374917825181054	0.691096348601536
1	977570	rs2710876	G	A	0.302013976931476	0.000374917825181054	0.691096348601536
1	977780	rs2710875	C	T	0.302013976931476	0.000374917825181054	0.691096348601536
1	978193	rs2710873	G	A	2.20641170577022	0.0027358434643382	0.11994054749153
1	978603	rs138543546	CCT	C	0.601675356050392	0.000754884835602196	0.475453211644648
1	981087	rs3128098	A	G	0.180706633089305	0.000224361661639129	0.828871596905324
1	981931	rs2465128	A	G	0.642254542101068	0.000799891059858365	0.455607846649637
1	982444	rs3128099	A	G	0.130981925948915	0.0001626345378672	0.894197599941184
1	982941	rs3128102	T	C	0.208265556842587	0.000258569396950754	0.794295263387143
1	982994	rs10267	T	C	0.16296194097886	0.00020233467927837	0.851866726357873
1	984302	rs9442391	T	C	1.43239311288198	0.00182055042731634	0.220522546127216
1	985266	rs2275813	C	T	0.611328854050699	0.000764453519421017	0.47087250705619
1	985450	.	G	A	0.607232863918609	0.000780391554999944	0.472926235965926
1	986443	rs2710887	C	T	0.286142307232437	0.000355221866402986	0.707071627610143
1	987200	rs9803031	C	T	0.279485804267332	0.000346961243366631	0.713922895469741
1	988503	rs2799071	A	T	0.215635138297054	0.000268048468038309	0.785340576251508
1	988932	rs2710871	G	C	0.252702750236687	0.000313722482222076	0.74267728123119
1	990280	rs4275402	C	T	0.783522449967562	0.000975529378513027	0.394023305210493
1	990380	rs3121561	C	T	0.645780999426227	0.000801325064944416	0.453897926792091
1	990417	rs2465136	T	C	0.613374646112086	0.000761143908799685	0.470030547038284
1	990517	rs2710872	C	T	2.32501027936412	0.0028790085170601	0.109646359135522
1	990773	rs2799072	C	T	1.45852795187106	0.00180800561795745	0.215827694984962
1	990806	rs2799073	G	A	1.45852795187106	0.00180800561795745	0.215827694984962
1	990984	rs8014	G	A	2.57637816921008	0.00318927754251897	0.0909686795036238
1	991658	rs60286592	AC	A	1.81143281046005	0.00225530980391456	0.16237940506685
1	991724	rs3121562	C	T	0.301038979182175	0.000375535228806089	0.693223060443037
1	991805	rs113355093	GCGGGTA	G	2.76310280334897	0.00345708879950476	0.0793827933673759
1	992327	rs2245754	C	T	2.57637816921008	0.00318927754251897	0.0909686795036238
1	992819	rs9331226	G	A	0.480038542445476	0.000595784278702191	0.547511151886022
1	992840	rs150915126	ATT	A	1.47128292453775	0.00182598167190335	0.213561021292359
1	992852	.	AAG	A	0.667933860407673	0.000839219776216627	0.443308045880124
1	993360	rs13303240	C	A	0.595569620017483	0.000739065794256755	0.479310067156673
1	994391	rs2488991	G	T	0.603073711758695	0.00074914485015739	0.475658610024039
1	995481	rs9442393	T	G	0.500568440469268	0.000621248442325455	0.534233013775582
1	996248	rs28479311	C	T	0.122450014432562	0.000152227849666707	0.905704721365539
1	997436	rs145846158	CTCCCTCCCTTGTCCCCGTTCCCTCCG	C	0.142478147960057	0.000181698223046314	0.87946949056288
1	997769	rs113991671	CG	C	1.15043896856778	0.00143385146045368	0.280331153615441
1	998395	rs7526076	A	G	2.99646903800126	0.00370737368673951	0.0670234174678809
1	998501	rs3813193	G	C	0.438767479440401	0.000544589974769313	0.576070175257127
1	998582	rs3813194	G	C	0.365522206663253	0.000453720626412272	0.633028978059048
1	1000910	rs79750022	C	T	0.177981638539096	0.000221805779459839	0.833073742881003
1	1001177	rs4970401	G	C	1.34087056262876	0.0016623991941745	0.238061951825756
1	1002387	rs74048003	A	G	0.0892159421067766	0.000111333436295712	0.94744176964457
1	1002434	rs11260596	C	T	0.461721972404312	0.000573064309091687	0.559830072357368
1	1002539	rs60442576	G	A	0.546728798632471	0.000678498482145486	0.506501645948817
1	1002932	rs4246502	C	G	2.15594449360087	0.00267021799143486	0.12458973076342
1	1003053	rs4074992	C	T	0.495465434798107	0.000616435943463594	0.537396664740911
1	1003629	rs4075116	C	T	1.04654137068872	0.00129977826555188	0.307451654810921
1	1004957	rs4073176	G	A	0.480184926749307	0.00059811636223083	0.547862350959519
1	1004980	rs4073177	G	A	0.445773054886413	0.000555370393573188	0.57114929398871
1	1005806	rs3934834	C	T	0.551281896530109	0.000691967766780251	0.503847773160428
1	1006223	rs9442394	G	A	0.454168128824778	0.000563694180546606	0.565107320258489
1	1006990	rs4326571	G	A	3.23866305347702	0.00400582539608072	0.0563674133280386
1	1007203	rs4633229	A	G	2.29285708987738	0.00284648957735103	0.112348874088106
1	1007222	rs71628928	G	T	0.300581700166502	0.000374559321783915	0.692394740961924
1	1007432	rs4333796	G	A	0.78036571706189	0.000971761044506256	0.395213409066889
1	1009234	rs9442366	T	C	1.11147401420327	0.00138198020732485	0.290114812437264
1	1009441	rs75479766	G	A	0.899367174409116	0.00111700094223539	0.352209113797242
1	1009478	rs9442367	G	C	1.82627088348796	0.00226283025323445	0.160649648199249
1	1009823	rs12752391	G	A	0.387744618030735	0.000486197936069919	0.615522153857588
1	1010290	rs138701857	TCACA	T	1.12734236170298	0.00139953552378601	0.286087267868755
1	1010717	rs9442368	C	T	1.14364263395722	0.00141996436007952	0.282010701749651
1	1014836	rs12401605	A	G	0.381683350012927	0.000478070716415153	0.620015739815285
1	1014864	rs12411041	T	A	0.638913252217477	0.000802969499874891	0.457716487630249
1	1015126	rs36027499	A	G	0.800021131337508	0.00099252552030125	0.387628437699196
1	1015257	rs9442369	A	G	0.734003184003291	0.000910696766488272	0.414115080218972
1	1015551	rs9442370	C	T	1.08811674857114	0.00134946082611831	0.296208855620485
1	1015716	rs61290587	G	A	0.784253818813009	0.00097534234385751	0.393696259287627
1	1015817	rs12746483	G	A	1.81332648423571	0.00224682766301577	0.162289728644535
1	1017170	rs3766193	C	G	0.885654412990884	0.00109864733630823	0.356805853413833
1	1017197	rs3766192	C	T	0.718452069999241	0.000892534067805529	0.420736941879854
1	1017341	rs1133647	G	T	2.61550624291071	0.00323755680801519	0.0884116572503666
1	1017587	rs3766191	C	T	0.34869110584074	0.000433378326993562	0.647675359602018
1	1018144	rs9442395	T	C	1.01022175845012	0.00125443985531588	0.317750094590678
1	1018562	rs9442371	C	T	1.08423779632001	0.00134630645572667	0.297251421095781
1	1018704	rs9442372	A	G	1.46555193195977	0.00181669677041598	0.214588952841431
1	1019175	rs2298215	C	G	2.32470064026971	0.00287862620328554	0.109712966421205
1	1019180	rs9442396	T	C	0.759444916204095	0.000942233193977781	0.403590709557808
1	1020406	rs9442397	T	C	1.80454185035209	0.00223871667241529	0.163456538818991
1	1020923	rs70949550	A	AG	1.49555052396178	0.00185842764399955	0.209397055774357
1	1021346	rs10907177	A	G	0.38176587978627	0.000475635100714788	0.61950256534008
1	1021415	rs3737728	A	G	1.59513932130201	0.00197946908954821	0.193080030013314
1	1021583	rs10907178	A	C	0.343645882343104	0.000426577271661984	0.652220574342566
1	1021695	rs9442398	A	G	1.66735807088608	0.00206900254240822	0.182212631661009
1	1022037	rs6701114	C	T	0.428977935944853	0.000532445856349549	0.583091485860342
1	1023145	rs3737727	G	A	0.0839353245073973	0.000104747461543613	0.953541172029962
1	1023310	rs11260589	T	C	0.0571469835131028	7.29733754023821e-05	0.980481889021663
1	1023788	rs12132100	C	T	0.280093671223495	0.000364857233119709	0.712282318770093
1	1025301	rs9442400	T	C	0.560325626575113	0.000695360594064244	0.498689628629206
1	1026707	rs4074137	C	A	3.29688054133341	0.0040824577613919	0.0541056396863251
1	1026801	rs4562563	T	A	0.960533820328076	0.00120991547470337	0.332628768904622
1	1027845	rs74048006	T	G	0.438820944940367	0.000544656298946596	0.57590432472738
1	1027846	rs76994018	T	C	0.438820944940367	0.000544656298946596	0.57590432472738
1	1028259	rs12077244	C	T	0.174483330720773	0.000216636613117923	0.836724511966224
1	1029805	rs6689308	A	G	0.433902073154636	0.000540737581795911	0.579553874761699
1	1030565	rs6687776	C	T	0.430192939944733	0.000533953108423057	0.582125155799096
1	1030633	rs6678318	G	A	0.430192939944733	0.000533953108423057	0.582125155799096
1	1031540	rs9651273	A	G	1.67802643282556	0.00207953139656931	0.180646875747405
1	1031973	rs9651270	C	T	0.421188208857426	0.000522782337763593	0.588801358655519
1	1031977	rs9651271	A	T	0.511437593533246	0.000634729419659884	0.527528782283638
1	1032184	rs9651272	A	G	1.67802643282556	0.00207953139656931	0.180646875747405
1	1032954	rs6699750	A	G	0.703151945396472	0.000884898840434367	0.427468408939558
1	1033596	rs6604964	T	C	0.47199604867569	0.000585808454625384	0.55288040603837
1	1033626	rs6604965	C	G	0.440320408908439	0.000546516386706481	0.574836315556745
1	1033670	rs6604966	T	C	0.391235285342115	0.00048562260019002	0.6119116122188
1	1033680	rs6604967	T	A	0.47199604867569	0.000585808454625384	0.55288040603837
1	1033994	rs6698368	C	T	0.47199604867569	0.000585808454625384	0.55288040603837
1	1033999	rs4970353	C	T	2.52536421482528	0.00312632551639478	0.0944862707952966
1	1034200	rs77977351	T	C	0.47199604867569	0.000585808454625384	0.55288040603837
1	1034243	rs79211741	C	T	1.83388234508228	0.00227223972766688	0.159699874073845
1	1034499	rs111531431	G	T	0.493468883700981	0.000618625716695238	0.538439037921275
1	1034569	rs113840254	A	G	1.43672467078141	0.00185320164561119	0.219870846532783
1	1034582	rs111511613	G	A	1.3275778977826	0.00171711857578864	0.240822091018005
1	1034689	rs113289547	T	G	0.583441653576905	0.000729527288407549	0.485566848070571
1	1034721	rs74048009	T	C	0.569402001509724	0.000711984820894169	0.493241162409404
1	1035805	rs12759295	G	A	0.99726560673128	0.0012493389036946	0.321449261395129
1	1036817	rs61766341	T	C	1.62282763977435	0.0020112628666591	0.188815139585798
1	1036860	rs11579922	A	C	0.531734251284709	0.000661569863207746	0.514904402127369
1	1036876	rs11578997	T	A	0.59862486247805	0.000755576310275693	0.478273305634216
1	1036959	rs11579015	T	C	0.821318267049287	0.00101892029744777	0.379594435173285
1	1037047	rs12134754	C	T	1.41014422663424	0.00174813368552202	0.224657344203697
1	1037303	rs11260592	T	C	0.519455099717458	0.00064467327463812	0.522495311755959
1	1037313	rs11260593	A	G	0.535695337101515	0.00066481491126541	0.512752024815187
1	1037367	rs11260594	G	A	0.519455099717458	0.00064467327463812	0.522495311755959
1	1037473	.	AAAAC	A	0.143531877307756	0.000181468942063457	0.878181395099767
1	1038088	rs66622470	G	C	0.529410144856044	0.000661103105498011	0.516319194409995
1	1038997	rs71576598	ACTC	A	0.519455099717458	0.00064467327463812	0.522495311755959
1	1039268	rs9329410	T	C	0.519455099717458	0.00064467327463812	0.522495311755959
1	1039373	rs71576599	C	CT	0.522917914833719	0.000651494229240823	0.520445850649902
1	1039817	rs11581598	A	G	0.519455099717458	0.00064467327463812	0.522495311755959
1	1040026	rs6671356	T	C	0.519455099717458	0.00064467327463812	0.522495311755959
1	1040472	rs6664124	C	T	0.534218269472885	0.000663792462475887	0.513691967239526
1	1040794	rs6687681	G	A	0.473089652418374	0.000587912584750289	0.552063915237359
1	1040824	rs6656379	T	C	0.570416270723736	0.000708855315523264	0.493137870028861
1	1040940	rs6702072	A	C	0.455754982420158	0.000566258991911804	0.564343267475526
1	1041119	rs71576600	G	GGGCGTGGT	0.576041694072174	0.000716652403947704	0.489844157201771
1	1041700	rs6604968	A	G	0.481158793074848	0.000597173809889467	0.54673998629686
1	1041786	rs6604969	T	C	0.481158793074848	0.000597173809889467	0.54673998629686
1	1042378	rs12754457	A	C	0.401337336300001	0.000505114361730536	0.604327531389726
1	1042483	rs12733365	C	T	0.522284854093838	0.000649763319473846	0.520672118396325
1	1042527	rs12729537	G	C	1.241227205514	0.00154280186442282	0.259109996113081
1	1042673	rs57879151	C	T	0.654112061144664	0.000811654358739418	0.449906128703678
1	1042927	rs4970354	G	T	0.519455099717458	0.00064467327463812	0.522495311755959
1	1043053	rs4970355	A	G	0.512148485554272	0.000636399786184857	0.526841418787265
1	1043262	rs4970356	T	C	0.519455099717458	0.00064467327463812	0.522495311755959
1	1044488	rs142246657	ACCACAGCCAAAAGGTGGGAGCAAGTGTCCAC	A	0.467504598160059	0.000586733449136991	0.55616867426426
1	1045473	rs11586034	G	A	1.48653118986776	0.00184265464439771	0.210929954964075
1	1046073	rs11590188	C	A	0.562001395379541	0.000697438760005664	0.497637736022831
1	1046164	rs6666280	C	T	0.519455099717458	0.00064467327463812	0.522495311755959
1	1046717	rs34820586	G	C	1.5050366484824	0.00189094728014672	0.207762578333253
1	1046861	rs12723165	G	A	1.41803556588661	0.00176384905909603	0.223206386299318
1	1047374	rs12743678	T	A	0.557063805899348	0.000692163334814469	0.500597848259697
1	1048501	rs7518814	G	A	0.60863444360541	0.000758096304850802	0.472434155402513
1	1048955	rs4970405	A	G	0.562069306709103	0.000697522978488485	0.497685177077582
1	1048989	rs4970406	A	G	1.30182121484824	0.0016140644287477	0.246046135021601
1	1049950	rs12726255	A	G	0.535695337101515	0.00066481491126541	0.512752024815187
1	1050654	rs74912773	C	CA	0.519455099717458	0.00064467327463812	0.522495311755959
1	1052946	rs12755848	G	T	2.11843564809116	0.00262388396577848	0.128187457927135
1	1053385	rs4970408	C	T	1.98854439170968	0.0024663204950023	0.141653130443175
1	1053452	rs4970409	G	A	1.90156686592508	0.00236198120649874	0.15148246710353
1	1053670	rs4970410	G	A	0.773699076307084	0.00095990113851431	0.397827089744188
1	1053724	rs4970411	A	G	0.79054578903579	0.000982037825980631	0.391218545530281
1	1053827	rs71576601	T	TG	2.11684066030183	0.00262526614608369	0.128353186486492
1	1054076	rs1105065	C	T	0.775653291555028	0.000963519067301278	0.397032094122835
1	1054552	rs12567697	G	A	1.71283529935779	0.00212257735008057	0.175708036085968
1	1054893	rs4970412	T	C	0.544946959048118	0.000677107348935579	0.507325543934481
1	1055653	rs34808604	C	G	1.70956579578701	0.00212346349136648	0.176094097939925
1	1055797	rs76744376	A	G	1.37704256557348	0.00175162414285151	0.23098278208395
1	1055901	rs74865318	C	A	1.81879583634986	0.00226427635091123	0.161590048372227
1	1056269	rs71628940	C	T	1.6124982572393	0.00200093771009324	0.190392300694484
1	1056348	rs66868065	G	A	0.567924700475622	0.000705662827620383	0.494299148860387
1	1056715	rs7538862	C	T	0.598609128329994	0.00074946471395974	0.477861474045221
1	1056939	rs12726341	T	A	2.00007267008858	0.00248409792436848	0.140304377877959
1	1057422	rs74977732	G	C	1.49613197861311	0.00185925692069851	0.209286662652077
1	1057508	rs75135491	C	G	2.10293648899785	0.00261451758602611	0.129770779112093
1	1057524	rs74535970	C	T	2.14965560291497	0.00266893305719839	0.125237052350857
1	1058029	rs35704567	A	G	1.55195265633921	0.00192599752995311	0.199965610213381
1	1058635	rs34658689	G	A	1.71283529935779	0.00212257735008057	0.175708036085968
1	1058889	rs34895099	G	A	1.57592877022666	0.0019580338079585	0.196100119038302
1	1059269	rs115348170	C	T	1.90276875334701	0.00236367278050864	0.151326962045829
1	1059512	.	T	TACACACCTGAGCACACACACCTGTGC	1.38825047726465	0.00174696626576926	0.228775886552961
1	1060043	rs11586617	A	C	1.69061196840184	0.00209509557249768	0.178844802245337
1	1060148	rs11587937	G	T	1.42987005748387	0.00177254407616323	0.221016076288915
1	1060174	rs7548798	C	T	1.37877506925846	0.00170931240740886	0.230607211768848
1	1060175	rs7556082	T	C	1.69619028951874	0.00210199396894506	0.178056312432435
1	1060355	rs12567855	G	C	2.63004364864644	0.00326335088842164	0.087400077974107
1	1060608	rs17160824	G	A	1.28846355875538	0.00160345417022594	0.248833702803493
1	1061115	rs17160826	T	C	1.14797266977378	0.00142524327277725	0.280943220322785
1	1061152	rs12748370	T	C	0.875512317754154	0.00108863515571761	0.36029361596474
1	1061166	rs11807848	T	C	3.13301479897474	0.00388015577034505	0.0607646472576063
1	1061262	rs12757754	A	G	0.988550663174278	0.00122898814793493	0.324152266741012
1	1061508	rs12736814	G	A	1.14365297243497	0.00142003700241517	0.282008033360464
1	1061602	rs34381538	G	A	1.04609970648176	0.00129741983478225	0.307580390608706
1	1061794	rs34530354	A	G	3.2319408010422	0.00401251674927442	0.0566590745714568
1	1061848	rs35207507	A	G	3.33851167159742	0.0041445416344828	0.0525290563561566
1	1061951	rs35823915	C	T	2.04496926176932	0.00257221727293397	0.135547780685827
1	1062034	rs35300397	G	A	1.67619824891671	0.00210411134550562	0.180940203662835
1	1062638	rs9442373	C	A	2.71344280634942	0.00335837803784511	0.0822893652775657
1	1063044	rs7545801	A	G	0.220877548002695	0.000274570648548902	0.778995374225379
1	1063241	rs4970413	G	T	2.44803058067152	0.00303087940138619	0.100064457628059
1	1064535	rs6682475	G	C	0.447972273583996	0.000556008430671143	0.569248348169025
1	1064802	rs2298216	T	C	1.02630093821291	0.00127289581799461	0.313140951448845
1	1064979	rs2298217	C	T	3.77732968694269	0.00467418813145436	0.0385512841352402
1	1065296	rs4072537	T	C	1.00853356098753	0.00125088698467321	0.318237236686457
1	1065800	rs11580120	C	T	1.82074020264865	0.00225935502001181	0.161271572918904
1	1066097	rs61766345	G	A	1.75712562725537	0.00217999840540757	0.169630717489028
1	1066259	rs4072496	G	C	0.354883644625174	0.00044052086648871	0.64227840479146
1	1066282	rs10907181	A	G	0.262312964743179	0.00032564936870632	0.731983908225409
1	1066388	rs34287831	C	CT	1.56969702284534	0.00194798483127332	0.197091757355223
1	1066403	rs10907182	T	C	1.68247059292839	0.00208764355533698	0.180006463113836
1	1066946	rs7513404	A	G	2.35919669718609	0.00293629194948227	0.106886779476815
1	1066952	rs7513405	A	G	2.40569172484932	0.00299398687003759	0.103242594848884
1	1066953	rs7516160	T	C	2.54629461801129	0.00316841802940772	0.0930217116086844
1	1067596	rs141257782	CAG	C	2.15861578913536	0.00268018222646329	0.12434978347145
1	1067674	rs79280895	T	TGG	1.92431665728782	0.00238402322888186	0.148816302436064
1	1067865	rs9442358	A	C	0.447213664363988	0.000555067393333075	0.570033118030708
1	1068669	rs148642912	GT	G	2.00960977835934	0.00249254551722055	0.139325911421383
1	1068832	rs146603024	CGCCGCCTGCCTGCCCG	C	0.920882687463618	0.00114667860598899	0.34513810859491
1	1068883	rs61766346	G	A	1.84690579515552	0.00229395024087846	0.158132800522029
1	1069346	rs113854344	C	T	1.57639272625984	0.00195868640106554	0.1960508983638
1	1069420	rs112054464	G	C	3.05278932266096	0.00384361517674753	0.0643865122147183
1	1069425	rs9442375	C	A	2.00248132005218	0.00251389258536459	0.140003238607182
1	1069443	rs9442376	G	A	2.67738512505148	0.00342077956676109	0.0845039229825543
1	1069602	rs74048017	T	C	4.21060310576941	0.00535010631875512	0.0284627254357604
1	1069653	rs71628941	C	T	2.49104379364738	0.00311114992846276	0.0968640095864177
1	1070441	rs9442379	C	T	0.335108019382776	0.00041598339845315	0.659796786576739
1	1071118	rs10907183	G	C	2.92810285043871	0.00362309473239513	0.0704027013569046
1	1071192	rs6604971	T	C	0.0659876047856058	8.1940550272917e-05	0.97260203827421
1	1073251	rs11581141	C	A	2.19470150326471	0.00271808932355435	0.120956493248361
1	1074256	rs61766350	T	C	2.2998073351935	0.00285503362933301	0.111742722199143
1	1077064	rs4970357	C	A	0.201748214817025	0.000253905403146194	0.801384038239982
1	1077962	rs55750860	C	T	1.72299219792745	0.00214032179738402	0.174356009967049
1	1079191	rs11260602	T	C	1.73264595513147	0.00215542356457865	0.172936286130623
1	1079198	rs11260603	T	C	1.62400532095586	0.00202054732131298	0.188614242173945
1	1079866	rs11260604	C	G	1.4420378277227	0.00179201184362556	0.218799861848617
1	1080286	rs1539638	G	A	0.0810051874685263	0.000100586855501554	0.956963811029539
1	1083159	rs11579425	G	A	0.656416773554755	0.000815508857801148	0.4488980433647
1	1086179	rs61766352	T	C	2.23316540058487	0.00276559406290334	0.117498147448351
1	1089106	rs72631897	G	A	2.7070950000188	0.00335054783974834	0.0826637794600167
1	1092367	rs113657720	C	T	2.9688550289367	0.00369177257662612	0.068429098677242
1	1094063	rs7551688	T	C	3.46728614582189	0.004303621176863	0.0479761968285199
1	1094485	rs4970360	C	T	3.0616462773574	0.00378770814511458	0.0639718978759558
1	1094672	rs4970361	A	C	3.27529040340225	0.00405094508902569	0.0549316642235428
1	1094738	rs4970362	A	G	3.41907534259326	0.00422802813556811	0.0496023902533339
1	1094979	rs7538773	G	A	3.55595523826697	0.00442421235696165	0.045087692020131
1	1095130	rs61768477	T	C	4.09620893981259	0.00506740006259132	0.0309502170716243
1	1095383	rs6604973	G	A	0.21861617366732	0.000271416577540641	0.781883212777727
1	1096011	rs9442381	C	G	3.08499818012393	0.00381648746600958	0.0629152469301689
1	1096198	rs9442382	C	T	2.53416402873422	0.00314144794535167	0.0938881448528619
1	1096908	rs1539636	T	C	0.421405289394058	0.000523051638796185	0.588518740675231
1	1097092	rs1539635	G	A	2.93127855101151	0.00363161269820685	0.0702675188219066
1	1097291	rs61768478	C	A	4.17594678942788	0.00515913911425884	0.0292704006916374
1	1098421	rs12135382	C	T	1.75888209317775	0.00218221358576852	0.169421225063471
1	1098714	rs4379629	C	G	0.819854824100634	0.00102224875116479	0.380211303143576
1	1099437	rs11584885	G	A	2.57844073984123	0.00319579917918334	0.0908530205919512
1	1103150	rs61768480	G	A	2.56525126784367	0.00318734171942326	0.0917643605285557
1	1105238	rs9442362	T	C	0.310504414973402	0.000385453720624449	0.682715278893501
1	1106061	rs6656236	G	A	0.190631066068783	0.000236680713863082	0.816108655220338
1	1106473	rs4970420	G	A	1.20465321751755	0.00149377082200169	0.267398762122581
1	1106784	rs4442317	T	C	1.6082397411501	0.00200058147099924	0.190996166899146
1	1108277	rs12136529	G	A	0.747586472548825	0.000927534248432202	0.408415240801726
1	1108518	rs11260536	T	C	0.276885463679424	0.000344616469880229	0.716075179279414
1	1109154	rs12041521	G	A	0.301146692621795	0.000382409126838858	0.691638559143667
1	1109252	rs5010607	A	G	0.531703548364853	0.000660709673338895	0.515039784030116
1	1109476	rs12141369	C	A	0.498015481180952	0.000620379394199563	0.535678833418371
1	1109782	rs72894004	G	A	0.470977787681612	0.00058525681898595	0.553531031368273
1	1110586	rs9442387	T	C	1.20763853074768	0.00149746706057887	0.26670499716751
1	1112309	rs9724957	T	C	0.896377654199766	0.0011146601369449	0.353162746839627
1	1112982	rs6671609	C	T	0.72505084807275	0.000899599379042081	0.417845965188962
1	1115210	rs11260546	G	A	0.959490290595841	0.00119171342584294	0.332913456371214
1	1115213	rs11260547	G	T	1.0402618318831	0.00129190411570717	0.309206118930204
1	1115994	rs13376597	G	A	0.5450560363823	0.00068398306337849	0.507408258796534
1	1116553	rs72631898	C	G	1.0509900677693	0.00132099692238589	0.306163608927994
1	1117398	rs12097586	A	G	1.84810368361479	0.00228982001684091	0.157973929539744
1	1117486	rs13376670	A	G	1.05266581766281	0.00130714636148375	0.305750998415729
1	1118212	rs10907171	T	C	1.44607181912692	0.00180583882460399	0.218105425300473
1	1119657	rs4560982	G	C	2.28234210433714	0.00283016447951507	0.113302867217252
1	1119858	rs1320565	C	T	0.506277467987138	0.000630493917901792	0.530698755937161
1	1121014	rs3813204	G	A	0.100636105050523	0.000124960172840986	0.933572458912503
1	1121341	rs4297230	C	T	0.070665331168588	8.77486378580031e-05	0.967970702430679
1	1121657	rs11260548	T	C	0.109904909508708	0.000136467703867478	0.921806259118917
1	1121794	rs11260549	G	A	0.0579208889312789	7.21166807210181e-05	0.979946472761629
1	1121835	rs57346441	C	CTG	0.115241983699648	0.000143093739787778	0.91489375274465
1	1122024	rs4314833	T	C	0.0774424609327668	9.61633246676438e-05	0.96085565931127
1	1122196	rs4634847	A	G	0.0774976789959601	9.62318844822035e-05	0.960787680604812
1	1122319	rs7415847	C	T	0.0732681693917925	9.16609109172342e-05	0.96542585752729
1	1122516	rs11260551	G	A	0.0636022289165577	7.90740300102342e-05	0.974888442385203
1	1122915	rs28595293	A	G	0.774815515574472	0.000962483127419846	0.39734166231208
1	1123106	rs12401472	G	A	0.0774424609327668	9.61633246676438e-05	0.96085565931127
1	1123434	rs12066716	T	A	1.49672639024298	0.00185526879335186	0.209207211284806
1	1124257	rs10907172	A	G	0.0774424609327668	9.61633246676438e-05	0.96085565931127
1	1124399	rs10907173	C	G	0.0774976789959601	9.62318844822035e-05	0.960787680604812
1	1124663	rs6684820	G	A	0.738571045915391	0.000916359029631769	0.412100156420202
1	1124750	rs6702156	T	C	1.05634381687867	0.00131010836958019	0.304750326290377
1	1124891	rs61768485	G	A	0.0774424609327668	9.61633246676438e-05	0.96085565931127
1	1125110	rs12124436	T	C	0.0774424609327668	9.61633246676438e-05	0.96085565931127
1	1125348	rs12029885	T	C	0.0757307942316452	9.41553617871301e-05	0.962616321890227
1	1125553	rs10907174	A	T	0.191048211125569	0.000237495751117246	0.815625529528424
1	1126236	rs4578157	G	A	0.0774976789959601	9.62318844822035e-05	0.960787680604812
1	1126255	rs4449971	G	C	0.0774424609327668	9.61633246676438e-05	0.96085565931127
1	1126994	rs2094830	G	A	0.0774424609327668	9.61633246676438e-05	0.96085565931127
1	1127322	rs11260552	G	A	0.074856424620309	9.306620593762e-05	0.96358490638882
1	1127380	rs11260553	G	A	0.0774424609327668	9.61633246676438e-05	0.96085565931127
1	1127507	rs12021582	G	A	0.0774424609327668	9.61633246676438e-05	0.96085565931127
1	1127523	rs12024296	C	T	0.0774424609327668	9.61633246676438e-05	0.96085565931127
1	1127681	rs61768486	G	A	0.0798773109119111	9.91864725176034e-05	0.958183805084941
1	1127843	rs61768487	G	A	0.0754319778876403	9.72079787669439e-05	0.96196475286213
1	1128331	rs61766176	G	T	0.0774424609327668	9.61633246676438e-05	0.96085565931127
1	1128429	rs61766177	G	A	0.0774424609327668	9.61633246676438e-05	0.96085565931127
1	1128521	rs61766178	C	T	0.188966496592072	0.000234910976744391	0.818913127300268
1	1128778	rs78174849	C	CTTA	0.6626628953607	0.000822255915749508	0.44573535721655
1	1129672	rs11260554	G	T	0.0774424609327668	9.61633246676438e-05	0.96085565931127
1	1129707	rs11260555	A	G	0.101753013738601	0.000126346866425979	0.932164715304039
1	1130093	rs12026524	C	T	0.0774424609327668	9.61633246676438e-05	0.96085565931127
1	1130206	rs11260556	G	A	0.163860985114783	0.000203450711274804	0.850661090580084
1	1130480	rs9659772	G	A	0.0965049809381071	0.000119831158486396	0.938673240142413
1	1130843	rs9727857	A	G	0.564380856416715	0.000702106166912075	0.496190487639283
1	1131419	rs9660873	C	G	0.222758480878632	0.000283437424613494	0.776953942563843
1	1131441	rs12403745	C	T	0.0948247837787244	0.000118191002891511	0.941078061724969
1	1131581	rs9329409	T	C	0.799838818901808	0.000992299563881225	0.387627491783896
1	1132938	rs2274791	G	A	0.0735523636548128	9.24811066168906e-05	0.964991126048028
1	1132966	rs2274790	C	A	0.0828172849652377	0.000104487889644716	0.955041060584558
1	1133077	rs2274789	A	G	0.675538424819682	0.000841400781113351	0.439782426276333
1	1133254	rs12026794	G	A	0.0673268084346824	8.38080755438316e-05	0.971034719042038
1	1133273	rs12031928	T	C	0.824137178734406	0.00102617912651425	0.378387545866863
1	1133787	rs12405246	T	C	0.87529555274835	0.00108581122598466	0.360280904234878
1	1133815	rs35009659	T	C	0.87529555274835	0.00108581122598466	0.360280904234878
1	1134633	rs11260558	C	T	0.0706810409500551	8.7983628955487e-05	0.96785715376995
1	1134707	rs9727747	G	A	0.113566802839543	0.000141526213351405	0.917466029000506
1	1135242	rs9729550	A	C	0.655789514333277	0.000814727891828369	0.449118390336992
1	1139202	rs2298213	T	C	0.850748363068846	0.00105668766120889	0.368972619978296
1	1140435	rs1815606	G	T	0.439028524468008	0.000544913802138984	0.575648665657152
1	1143418	rs11466665	T	C	0.171094131901761	0.000212429515867533	0.841130324160967
1	1147422	rs17568	C	T	0.226720311884279	0.000282168680554176	0.772328751405042
1	1151232	rs3813201	T	C	0.183947468939276	0.000228384496795293	0.824718739593811
1	1151973	rs75972122	G	C	0.161188137107358	0.000200860669266582	0.854149649768781
1	1155238	rs12134035	G	A	0.796156280024375	0.000994076478867108	0.389069426200902
1	1155804	rs11809575	T	C	1.07919844758535	0.00134360377153874	0.298583849454629
1	1156131	rs2887286	T	C	0.0720135937647738	8.95447147924894e-05	0.96665633812205
1	1156429	rs944369	C	G	0.301221250878037	0.000373934109715267	0.691775390433065
1	1163804	rs7515488	C	T	0.189102063159951	0.000236839079126318	0.817967124424274
1	1164749	rs113272753	G	GC	0.173598950635877	0.000215538813421563	0.837944517794097
1	1165539	rs11260563	G	A	0.0914865486347631	0.000114596112308417	0.944994229711088
1	1166389	rs78379068	A	T	0.396640261289046	0.000492328243363159	0.607799911173627
1	1166887	rs60252802	T	C	0.1953503444614	0.000242825225989374	0.81009312965082
1	1167090	rs138277764	CCCCCGGGAA	C	0.225766487551478	0.000280646379447387	0.773335853572358
1	1171377	rs7536250	A	G	0.169816754865351	0.000211103674411284	0.842690515891841
1	1171417	rs6603782	C	T	0.142924234342197	0.00017767827335059	0.878305539688996
1	1173611	rs6697886	G	A	0.211456703052228	0.000262530281341987	0.790384613868021
1	1174282	rs4970364	T	C	0.137118774504259	0.00017046724103909	0.885847409053771
1	1176433	rs12096091	A	G	0.217403944476138	0.000270911103392627	0.782659941135622
1	1176597	rs6675798	T	C	0.231428382598915	0.000288024286282935	0.766677383899574
1	1177019	rs77550145	T	C	0.159826689377036	0.000198442702768397	0.855899083344271
1	1177474	rs2297863	A	G	0.177036708413036	0.000220349828402937	0.83397630980608
1	1177630	rs2297864	A	G	0.184930988381873	0.00023073457279293	0.824797769259469
1	1178245	rs11260566	C	T	0.167853841144385	0.000208924974867878	0.845322851556968
1	1178482	rs78555129	A	G	0.127620099539692	0.000159675392018483	0.899067858268414
1	1179983	rs76342560	G	A	0.357346542555799	0.000448312299053432	0.640537115260599
1	1181372	rs72631899	C	T	1.09988279689836	0.00136911637673694	0.293127415041774
1	1181751	rs6603783	T	C	0.28448997814703	0.000354966027094891	0.708627802941943
1	1184244	rs117412088	T	C	0.791582406836232	0.000998011300948769	0.391177784025969
1	1185260	rs4567233	A	G	0.151413143786909	0.000187998312259418	0.867007564758295
1	1186502	rs6603785	A	T	0.204267364334152	0.000253606753802559	0.799140322235317
1	1186748	.	T	C	0.274038413446024	0.000348878442595227	0.720408014421573
1	1186998	rs113679913	G	A	0.23210152898253	0.000290011558975326	0.765925082828211
1	1193586	rs59549363	AT	A	0.989362325263156	0.00124720446986718	0.32377922547678
1	1194804	rs11804831	T	C	1.53264774245803	0.0019045685589593	0.2031111784141
1	1209636	rs3737722	A	G	0.0443418792878219	5.56085760617292e-05	0.989820385257564
1	1210352	rs11260575	A	G	0.0549482549292046	6.82333004423765e-05	0.982319240727219
1	1210360	rs11260576	C	T	0.066052617278015	8.20212733390614e-05	0.972557956439626
1	1210471	rs11260577	T	C	0.0586219475070589	7.29827692146063e-05	0.979225657278959
1	1210963	rs6689813	T	C	0.0612634067575876	7.61721833106448e-05	0.976935421461816
1	1211292	rs6685064	C	T	0.0503642574021553	6.25413692092416e-05	0.985801664899542
1	1212649	rs59225223	T	C	0.0615211391084025	7.63947109599229e-05	0.976757089504327
1	1212795	rs56210437	C	A	0.0517391874598544	6.43969926677007e-05	0.984841966949627
1	1213210	rs58496687	C	CA	0.0817249724398538	0.000106348845723486	0.955706942994531
1	1213224	rs7549601	T	A	0.066519376776736	8.29038748949799e-05	0.972092494283544
1	1213936	rs6665791	G	A	0.0462786633669985	5.86343845023125e-05	0.988633327893767
1	1215074	rs74046664	A	G	0.0503642574021553	6.25413692092416e-05	0.985801664899542
1	1215078	rs74046665	A	G	0.0503642574021553	6.25413692092416e-05	0.985801664899542
1	1215108	rs79179971	TG	T	0.0503642574021553	6.25413692092416e-05	0.985801664899542
1	1215424	rs1268339	T	C	3.02212217526125	0.00374364761448508	0.0658012699148248
1	1217011	rs1262894	A	C	0.341770118040325	0.00042477319019265	0.653498834523098
1	1217938	rs77709654	C	CCA	0.374226864446916	0.000465072279222667	0.625818652610168
1	1218086	rs6603788	C	T	0.0452147228720143	5.61471355555289e-05	0.989279536319582
1	1220136	rs2144440	A	G	0.631978721126498	0.000785167189638146	0.460770258260846
1	1220954	rs12751100	G	A	0.340304990082323	0.000422431882997418	0.655151371664683
1	1225641	rs2748384	C	A	3.64067870513701	0.004624151955283	0.0425130669965736
1	1225959	rs1570867	C	G	1.6822695730523	0.00209013610340033	0.180026386912359
1	1226348	rs586965	C	G	0.61701321573229	0.000774388923588653	0.468170954341831
1	1227664	rs3831920	TTGAG	T	0.772323871678915	0.000959356439047691	0.398429435066695
1	1230419	rs1272959	T	C	1.25296968734715	0.00155359005448281	0.256500429388886
1	1232319	rs604618	G	A	0.980262486375212	0.00122157913827981	0.326566383301097
1	1233941	rs1739855	T	C	0.947547905075892	0.00119782303230387	0.336593948445007
1	1235710	rs640712	T	A	1.33572413636134	0.00166028390393573	0.239099463240487
1	1237036	rs2477782	T	C	1.28668558563105	0.00161473773076371	0.249181544836663
1	1238492	rs12408158	G	A	0.770522216385269	0.000963929961952175	0.399462246724028
1	1239180	rs34272775	G	A	0.682165177891265	0.000858417207813753	0.437114814026939
1	1239339	rs11260584	T	G	1.00374441272212	0.00124495439721038	0.319622887674243
1	1239935	rs12410087	A	C	0.329804250873534	0.000409402311558074	0.664625566688064
1	1241800	rs3737720	A	G	1.20359849262852	0.00149246491736688	0.267641397724552
1	1241903	rs3737719	C	G	0.591070750476592	0.000733487071152403	0.481778310461965
1	1242707	rs2274262	A	G	0.890536917461029	0.00110606400713472	0.355137772741658
1	1242983	rs2887285	G	A	0.656913767545387	0.000818111278488754	0.448436748507943
1	1243558	rs139775692	GGGGCGCGGGGA	G	0.14406148597407	0.000185550586899501	0.876579692402478
1	1243896	rs61766198	C	T	1.03698839467989	0.00132597834867823	0.310177657742463
1	1245368	rs11590283	G	A	1.18106391357757	0.00146456297470715	0.272932626028789
1	1247494	rs12103	T	C	1.20592837596044	0.0014987794431419	0.267102108211092
1	1249187	rs12142199	G	A	1.284221224974	0.00159227786190251	0.249747303902594
1	1252309	rs35031478	A	T	0.505964782731723	0.000630202206740042	0.530898458089758
1	1254136	rs4970432	G	A	1.15350888678284	0.00143044267424376	0.279574048568716
1	1254443	rs1886772	G	A	0.979419770008693	0.00121482100362767	0.326820875688497
1	1254841	rs10907179	C	G	0.979419770008693	0.00121482100362767	0.326820875688497
1	1255403	rs5772041	TG	T	0.725310822619333	0.000900997150865009	0.417697873191224
1	1256608	rs76947392	G	A	0.0679320791952468	8.43549104008655e-05	0.9707494196487
1	1261133	rs3813208	G	T	0.441058247973182	0.000547431674852969	0.574344403318685
1	1262591	rs2296472	C	T	1.67440431591984	0.00207505193691451	0.181176014036743
1	1262966	rs307349	C	T	1.76680032071845	0.00218930517268724	0.168377621333681
1	1263362	rs4970433	G	A	1.43940069000665	0.00178433764846717	0.219276541941017
1	1265154	rs307355	T	C	1.18431046211581	0.00147040297327178	0.272160532113055
1	1265353	rs139938620	GCGTGTGCCATGCA	G	0.581750198601739	0.00072470656400601	0.487062919588593
1	1265460	rs35744813	T	C	1.43940069000665	0.00178433764846717	0.219276541941017
1	1265505	rs35946613	G	A	1.78172175524843	0.00220775396953363	0.166371101766644
1	1276077	rs3855955	G	A	0.136316425139222	0.000170750848616041	0.887633976198252
1	1276410	rs3855956	C	A	0.913891275826103	0.00114775306909159	0.347489192659943
1	1276930	rs75244934	GCA	G	0.305514126873291	0.000379718464251522	0.687728253299597
1	1279428	rs3889966	G	A	0.416011822098649	0.000518879407995035	0.593451726083157
1	1288823	rs2296471	A	G	1.20493400812471	0.00149411848152023	0.2673323429638
1	1292426	rs35694341	C	G	1.19283232132653	0.00147913461715766	0.270150558801108
1	1292749	rs35993679	C	T	1.36011737515592	0.00168841126984498	0.234242616702036
1	1293764	rs34841888	G	C	1.91727294470995	0.00237531757985599	0.149629668908494
1	1294287	rs12731385	C	A	1.09943213364953	0.00136518032684171	0.293232606490856
1	1294518	rs34782209	C	T	1.43262511351947	0.00177789225409211	0.220508567398695
1	1295323	rs34389364	G	A	1.39642703347049	0.0017311581801527	0.22723952328754
1	1295403	rs34876581	T	C	1.39240964510432	0.00172618641233874	0.228001133851491
1	1297059	rs35056373	G	A	3.1176587443128	0.00385673616163385	0.0614394704354725
1	1297065	rs2765023	C	T	0.986229835850393	0.00122325750407858	0.324805884996859
1	1298533	rs4596826	T	G	1.20219359471972	0.00149072544168568	0.267966615026014
1	1298836	.	CAG	C	1.37044864441612	0.00171990783929385	0.23220718485833
1	1299068	rs35742679	C	T	0.767741990726756	0.000953797726058898	0.40018647796926
1	1299260	rs36087904	A	G	0.60149604681532	0.000746414632763144	0.476289537696016
1	1299278	rs28821228	C	T	1.60165364165851	0.00198507289615419	0.192063558125008
1	1299366	rs28368296	C	T	1.60165364165851	0.00198507289615419	0.192063558125008
1	1299479	.	CCA	C	0.743693177150279	0.000922708281478587	0.410046465532239
1	1299482	.	TGTTG	T	0.743693177150279	0.000922708281478587	0.410046465532239
1	1299633	rs34734423	C	G	0.336326145930705	0.000417494876875564	0.658723835568527
1	1299662	rs34639471	T	G	0.641830749023149	0.000797484681273079	0.455898304723995
1	1299737	rs2313198	A	C	0.678267545733683	0.000842719758928188	0.438632976260284
1	1299946	rs34522599	T	C	0.504805418938741	0.000626503597097079	0.531683008066218
1	1300074	rs35955667	T	C	0.604738756806222	0.000752390150237565	0.474827538045656
1	1300101	rs35642451	C	T	0.623238713040141	0.000776486545608853	0.465151586623308
1	1300540	rs28890279	A	G	0.60149604681532	0.000746414632763144	0.476289537696016
1	1300578	rs28503348	C	T	0.60500059145987	0.000751697887848549	0.474437330913348
1	1300946	rs2936661	G	A	1.60165364165851	0.00198507289615419	0.192063558125008
1	1301388	rs71628956	A	G	0.60149604681532	0.000746414632763144	0.476289537696016
1	1301442	rs76662808	T	C	0.60149604681532	0.000746414632763144	0.476289537696016
1	1301525	rs70949578	TGTGAA	T	0.60149604681532	0.000746414632763144	0.476289537696016
1	1301672	.	G	T	0.543701878216544	0.000675482163146552	0.508164974003561
1	1301701	rs140417427	TGTGTGTAAATGG	T	0.60149604681532	0.000746414632763144	0.476289537696016
1	1301807	rs150215528	AGTGTGATTGAATGAGT	A	1.55723324124011	0.00193012513898177	0.199091706223565
1	1301833	.	G	T	0.590525140132898	0.000733721267095409	0.482044319622742
1	1301909	rs36120507	TTAG	T	1.60165364165851	0.00198507289615419	0.192063558125008
1	1301941	rs138889336	AGT	A	1.61364070900089	0.00199989978517582	0.190213128314857
1	1302061	rs75681267	T	TGA	0.751040643501655	0.000931815855905495	0.407015090299071
1	1302106	rs72896260	T	G	0.60149604681532	0.000746414632763144	0.476289537696016
1	1302156	.	G	GAATT	0.732184030902233	0.000916345728502559	0.414958382195499
1	1302208	rs76085262	A	G	0.672461047245523	0.000840594351782065	0.441531524101793
1	1302210	rs75051470	G	A	0.672461047245523	0.000840594351782065	0.441531524101793
1	1302638	rs113375648	T	A	0.584291052131373	0.000725941032734551	0.485430204625713
1	1302648	.	TGA	T	0.567126132841459	0.000711424809527261	0.494895781501007
1	1302672	rs143143660	A	AGT	2.1397675880418	0.00265670739606018	0.126072338598591
1	1302677	.	GAA	G	0.60149604681532	0.000746414632763144	0.476289537696016
1	1302680	.	T	TGA	0.533030435356038	0.000692714971177286	0.515077408322408
1	1302709	rs138283838	A	AGT	0.60149604681532	0.000746414632763144	0.476289537696016
1	1302753	rs78389809	T	TGTG	0.60149604681532	0.000746414632763144	0.476289537696016
1	1302768	.	T	TTGG	0.60149604681532	0.000746414632763144	0.476289537696016
1	1302842	rs78275249	T	C	0.60149604681532	0.000746414632763144	0.476289537696016
1	1302891	rs78921940	ATGAG	A	0.599071181261207	0.000744321953426406	0.477531910777029
1	1302973	rs72896264	G	A	0.60149604681532	0.000746414632763144	0.476289537696016
1	1302982	.	GT	G	0.623374483429513	0.000774509845068962	0.465048733824268
1	1302985	.	GAGTGAGTGTA	G	0.57915536822182	0.000719603482058567	0.488258500943473
1	1303050	.	GGTGA	G	0.60149604681532	0.000746414632763144	0.476289537696016
1	1303102	.	TTTTA	T	0.600614526840237	0.000746241006525031	0.476635202126035
1	1303254	rs34316807	A	T	0.591547084849573	0.000734950145431074	0.481432433378034
1	1303299	rs35125219	C	T	0.612959087201273	0.000761571552674573	0.470295576783217
1	1303331	rs35027148	C	T	0.60149604681532	0.000746414632763144	0.476289537696016
1	1303345	rs75064234	A	G	0.60149604681532	0.000746414632763144	0.476289537696016
1	1303350	rs77752170	T	G	0.60149604681532	0.000746414632763144	0.476289537696016
1	1303374	rs35045511	C	A	0.625691039886006	0.000777299699939362	0.463902468050155
1	1303427	rs138139770	ACT	A	1.35136312104996	0.00167746397992126	0.235985806572589
1	1303677	rs34567656	C	T	0.563009515558571	0.000699432332716279	0.497326191720349
1	1303894	rs35716478	C	G	0.635583132954672	0.00078868091608403	0.458966232833037
1	1304143	rs36066545	G	A	0.743693177150279	0.000922708281478587	0.410046465532239
1	1304371	rs35710126	C	T	0.503600786866931	0.000631037596307393	0.532835158544599
1	1304389	rs35459109	T	C	0.596417372351493	0.00075115363808515	0.479986512280001
1	1304392	rs34561833	C	CG	0.520721746569412	0.000657607508831784	0.522710464356374
1	1304662	rs34487973	G	A	0.695196941373564	0.000862590452111866	0.430947517640456
1	1304700	rs150231511	GT	G	0.907929952890554	0.00112774366318539	0.349335394386992
1	1304787	rs35435148	G	A	0.736500966039312	0.000914791630671423	0.413038136661959
1	1304856	rs34974211	CTT	C	0.695196941373564	0.000862590452111866	0.430947517640456
1	1304936	rs4498744	C	G	0.695196941373564	0.000862590452111866	0.430947517640456
